<?xml version="1.0" encoding="UTF-8" standalone="yes"?>
    <addon id="plugin.video.prestigeentertainmentaddon" version="1" name="[COLOR orange][B]PRESTIGE[/B][/COLOR] ENTERTAINMENT" provider-name="Prestige Entertainment">
    <requires>
        <import addon="xbmc.python" version="2.1.0"/>        
    </requires>
    <extension point="xbmc.python.pluginsource" library="default.py">
        <provides>video</provides>
    </extension>
    <extension point="xbmc.addon.metadata">
        <summary>Prestige Entertainment</summary>
        <description>Prestige Entertainment</description>
        <language>en</language>
        <platform>all</platform>
        <source></source>
        <email></email>
    </extension>
</addon>